<?xml version="1.0" encoding="UTF-8"?>
<project-private xmlns="http://www.netbeans.org/ns/project-private/1">
    <editor-bookmarks xmlns="http://www.netbeans.org/ns/editor-bookmarks/2" lastBookmarkId="0"/>
    <open-files xmlns="http://www.netbeans.org/ns/projectui-open-files/2">
        <group>
            <file>file:/Users/rajbir-dhillon/NetBeansProjects/SimpleDrawer/src/simpledrawer/drawInterface.java</file>
            <file>file:/Users/rajbir-dhillon/NetBeansProjects/SimpleDrawer/src/simpledrawer/TriangleDrawer.java</file>
            <file>file:/Users/rajbir-dhillon/NetBeansProjects/SimpleDrawer/src/simpledrawer/QuadrilateralDrawer.java</file>
            <file>file:/Users/rajbir-dhillon/NetBeansProjects/SimpleDrawer/test/simpledrawer/QuadrilateralDrawerTest.java</file>
            <file>file:/Users/rajbir-dhillon/NetBeansProjects/SimpleDrawer/src/simpledrawer/ShapeFactory.java</file>
            <file>file:/Users/rajbir-dhillon/NetBeansProjects/SimpleDrawer/src/simpledrawer/scaleColour.java</file>
            <file>file:/Users/rajbir-dhillon/NetBeansProjects/SimpleDrawer/src/simpledrawer/OvalDrawer.java</file>
            <file>file:/Users/rajbir-dhillon/NetBeansProjects/SimpleDrawer/src/simpledrawer/Shape.java</file>
            <file>file:/Users/rajbir-dhillon/NetBeansProjects/SimpleDrawer/test/simpledrawer/TriangleDrawerTest.java</file>
            <file>file:/Users/rajbir-dhillon/NetBeansProjects/SimpleDrawer/src/simpledrawer/LineDrawer.java</file>
            <file>file:/Users/rajbir-dhillon/NetBeansProjects/SimpleDrawer/test/simpledrawer/OvalDrawerTest.java</file>
            <file>file:/Users/rajbir-dhillon/NetBeansProjects/SimpleDrawer/test/simpledrawer/LineDrawerTest.java</file>
            <file>file:/Users/rajbir-dhillon/NetBeansProjects/SimpleDrawer/src/simpledrawer/DrawingPanel.java</file>
        </group>
    </open-files>
</project-private>
