<?xml version="1.0" encoding="utf-8"?>
<!-- edited with XML Spy v4.4 U (http://www.xmlspy.com) by University of Greenwich (University of Greenwich) -->
<shape_script>
    <shape>
        <type>line</type>
        <start>
            <x>5</x>
            <y>5</y>
        </start>
        <end>
            <x>5</x>
            <y>40</y>
        </end>
        <colour>blue</colour>
        <thickness>10</thickness>             
    </shape>
    <shape>
        <type>line</type>
        <start>
            <x>50</x>
            <y>40</y>
        </start>
        <end>
            <x>150</x>
            <y>140</y>
        </end>
        <colour>red</colour>
        <thickness>10</thickness>                
    </shape>
    <shape>
        <type>oval</type>
        <start>
            <x>5</x>
            <y>5</y>
        </start>
        <end>
            <x>5</x>
            <y>40</y>
        </end>
        <colour>blue</colour>
        <thickness>10</thickness>             
    </shape>
    <shape>
        <type>line</type>
        <start>
            <x>95</x>
            <y>45</y>
        </start>
        <end>
            <x>17</x>
            <y>240</y>
        </end>
        <colour>green</colour>
        <thickness>10</thickness>                
    </shape>
    
</shape_script>
